use URFU_TASKS;
INSERT INTO shops VALUES('1', 'UrfuShop', '545334', 'Ул. Мая 13');
INSERT INTO shops VALUES('2', 'bershka', '89122662653', 'ул. Ясная 24');
INSERT INTO schedule VALUES
	('1',1,10,00,22,00,1),
	('1',2,10,00,22,00,1),
	('1',3,10,00,21,00,1),
	('1',4,11,00,22,00,1),
	('1',6,11,30,21,30,0),
	('2',1,13,00,22,00,0),
	('2',2,13,00,22,00,0),
	('2',3,10,00,21,00,0),
	('2',4,12,00,21,00,0),
	('2',5,13,00,22,00,0);
GO

INSERT INTO products(code, name, [description], start_time) VALUES
('01', 'Бомбер', 'Верхняя одежда, тип куртки, созданный для пилотов', convert(datetime,'18-06-12 10:34:09 PM',5)),
('02', 'Поло', 'предмет одежды, имеющий короткую застёжку со стояче-отложным воротником и короткими рукавами', convert(datetime,'18-03-15 11:32:09 AM',5)),
('03', 'Пальто', 'вид зимней и/или демисезонной верхней одежды длинного покроя', convert(datetime,'11-04-14 11:32:09 AM',5)),
('04', 'Дафлкот', 'однобортное пальто прямого силуэта длиной три четверти из плотной шерстяной ткани с капюшоном', convert(datetime,'13-11-13 12:22:33 PM',5)),
('05', 'Рубшка', 'Одежда из лёгкой ткани для верхней части тела', convert(datetime,'23-02-12 03:11:44 PM',5));
GO

INSERT INTO register_buy(shops_code, date_time, prod_id, [count], price, discount, custumer) VALUES
('2', convert(datetime,'2010-01-12',120),7,3,9643,4,'Аб-Дитерих Ъ.Ъ'),
('1', convert(datetime,'2010-02-3',120),9,3,4258,24,'Абазинский Насир'),
('2', convert(datetime,'2010-03-13',120),7,3,3246,11,'Абазинский Нариман Садым'),
('2', convert(datetime,'2010-04-25',120),9,1,3302,24,'Абаканович Ш.'),
('1', convert(datetime,'2010-05-8',120),5,2,1650,22,'абабуров Ц.Ж'),
('2', convert(datetime,'2010-06-11',120),1,2,8758,14,'Аарон Й.Т'),
('1', convert(datetime,'2010-07-9',120),9,2,4015,45,'Абаза С.О'),
('2', convert(datetime,'2010-08-30',120),5,3,2181,48,'Абазов Д.Ц'),
('1', convert(datetime,'2010-09-3',120),9,1,9184,23,'Ааронов Ю.Г'),
('2', convert(datetime,'2010-10-18',120),7,1,4620,33,'Абаконович А.Ц'),
('2', convert(datetime,'2010-11-11',120),7,3,3268,31,'Абакумов Д.Ъ'),
('1', convert(datetime,'2010-12-2',120),5,1,1958,35,'Аб.-Дитерих Х.Ж'),
('2', convert(datetime,'2011-11-28',120),7,3,3280,10,'Аб.-Дитерих Ь.Щ'),
('1', convert(datetime,'2011-4-16',120),5,3,6704,45,'абабуров Ф.М'),
('1', convert(datetime,'2011-1-1',120),3,2,5448,30,'Абаконович Н.Д'),
('1', convert(datetime,'2011-10-12',120),9,2,9086,39,'Абалиш М.Й'),
('1', convert(datetime,'2011-5-22',120),5,2,9466,39,'Абаканович Е.Ч'),
('2', convert(datetime,'2011-6-27',120),1,2,1636,32,'Ааронов Э.Л'),
('2', convert(datetime,'2011-1-2',120),9,3,3274,44,'Ааронов А.М'),
('2', convert(datetime,'2011-10-19',120),9,3,4061,30,'Абаконов З.М');
GO